URL	Center	Sides Open	Side 1	Side 2	Side 3	Side 4	Side 5	Side 6		has match
https://cdn.discordapp.com/attachments/666873697763590144/666874515699269653/20200114234957_1.jpg	Snake	5,6	PDHSCSB	CSPHPBH	CCHTDHB	DHPCCSB	TDTTBTS	PTCCPSD		outer edge
https://cdn.discordapp.com/attachments/666873697763590144/666879732331184148/unknown.png	Clover	2	DTCBHBT	TDBBSBB	HHDSTSS	SSHHPCT	BBCTBPB	SBCSSCT		duplicate
https://cdn.discordapp.com/attachments/666873697763590144/666880552384856065/Destiny_2_Screenshot_2020.01.15_-_05.37.38.81.png	Hexagon	2,5	PTPSSCP	BTSTHPS	HPBBDSH	HTTPBPB	TSSSBCT	HHBSDBS		Number of Unique Hexagons 
https://media.discordapp.net/attachments/425502020464803854/666883097848971275/unknown.png?width=1205&height=677	Snake	3,5	BDPSDCH	TSDBCTH	PHCHBPT	CPCHSSD	PCTBPBC	BPTBSDS		375
https://cdn.discordapp.com/attachments/666873697763590144/666882490291716097/Destiny_2_Screenshot_2020.01.15_-_16.52.37.79.png	Hexagon	5	DPBPBCH	HBSPDDS	TBTBPSP	BCHDBBH	CCTDTPC	THCHCCC		
https://cdn.discordapp.com/attachments/666872924967403550/666878785773240341/Destiny_2_Screenshot_2020.01.15_-_13.37.40.24.png	Clover	5	BCHDBBH	BCPTDPD	PBDHDCS	DHPCBBP	HDPSPBS	CBTCSHT		
https://cdn.discordapp.com/attachments/666873697763590144/666879122953338881/unknown.png	Plus	1,2,4	STDSSPT	TBCCHBS	TSPCCBS	BPPPPHH	PTCPPPH	BBHBPBD		
https://cdn.discordapp.com/attachments/666951769779339264/667076768070631425/unknown.png	Diamond	2,6	TDCPBCP	HTPDHHP	HDCDBBT	SCPSTSS	PSCCCTB	CCTHBTT		
https://drive.google.com/open?id=1h6xB0woQbw3Zt9-pBS0WzUl_26FUDjYq	Diamond	3	THPSHDP	DCBPBPDB	PBPCDDC	DBPTSSB	SDTSSBH	CPSCTPC		
https://cdn.discordapp.com/attachments/374468920897175552/666870723024912384/Destiny_2_Screenshot_2020.01.14_-_21.05.54.09.png	Snake	1	DCCHHDC	BHBSDPB	CSTSTBS	PSHPDBH	PCHPBSP	HBDDHTP		
https://cdn.discordapp.com/attachments/639741684019625984/666903523996336138/ri_reveal.JPG	Diamond	1,4	SHBPCBC	CHDHDSS	HBDDHTP	TCDCBSH	BBBBBB	BBBBBB		
https://cdn.discordapp.com/attachments/639741684019625984/666903526294683659/reveal_2.JPG	Hexagon	4	THDHTHH	TBTTPCP	CHSBPHC	HSDBSBD	BBBBBB	BBBBBB		
https://cdn.discordapp.com/attachments/666873697763590144/666893039326724106/unknown.png	Clover	1,2	DBCDBDC	BHHDHCP	BBBBBB	BBBBBB	BBBBBB	BBBBBB		
https://cdn.discordapp.com/attachments/378009570565423106/666898968613093386/unknown.png	Clover	6	PBTPCDS	CSHCCHP	HSBCBHB	SSCHTHH	SBSCDDS	BTSPSHS		
https://cdn.discordapp.com/attachments/598931787087085571/666870605508902942/unknown.png	Plus	2,5	CHDTTPP	SSTCBPS	TSTDHDD	PPTHBTH	SBDHPDP	DHBPCBH		
https://cdn.discordapp.com/attachments/666873697763590144/666886955359010866/hex0.PNG	Hexagon	3	HBHCBDS	THCSCHS	TTPCDPH	SHBTHSS	DDHPPHC	SCCPDPP		
https://cdn.discordapp.com/attachments/666951769779339264/666994241695776781/DIXIE5.jpg	DIAMOND	4,6	TDDHBHS	PBTHPTB	CTDHDBH	SBDPBTB	SDTSCPH	THBCBBS		
https://cdn.discordapp.com/attachments/558092952526913558/666866826877075487/SPOILER_unknown.png	Diamond	3	PCHDSBS	SPPHHDB	TPBBPST	SSCPPDP	PCCCTD	SPHSHHS		
https://i.imgur.com/VuS0EzH.jpg	Hexagon	2	CCTSHBC	DPCPSTC	HPCSSDS	TDTHHCP	DPSTPDC	PCHDSBB		
https://cdn.discordapp.com/attachments/666867869510008852/666870561393082369/Final2.PNG	Plus	6	SPTTTCT	PHTSHDB	BSSSBSS	PHBHSTC	DDBSHHD	TPBSHHD		
https://media.discordapp.net/attachments/666867869510008852/666884552572010506/unknown.png	Diamond	2,4	CSTTSCC	THSCTCB	SHSHSBD	TSCSHSH	DBTSCHB	BCSTHPB		
https://cdn.discordapp.com/attachments/666873697763590144/666873838109196289/Destiny_2_Screenshot_2020.01.14_-_23.52.44.16.png	Diamond	2,5	STTTHPT	CHBBSTS	SDTBCTB	BDCBCBC	TCSHCTC	SBBTBPT		
https://cdn.discordapp.com/attachments/666873697763590144/666902459977039890/unknown.png	Diamond	2,6	HPPHPPS	DPHCPHD	HSSPDTS	BHPDHCS	HBSCHBT	BSHDHCT		
https://imgur.com/a/P366zQR	Diamond	2,5	DCPPDDP	PTCHDSD	DPPBPBH	DHPTCDP	BPSTHPH	HSHTSHS		
https://cdn.discordapp.com/attachments/666871092014743573/666891931246395392/unknown.png	Clover	1,4	CDPSPDB	THHTBDS	HHDDTPB	SHDTPHD	DBSPDBP	DHHSBSC		
https://cdn.discordapp.com/attachments/666871092014743573/666893527841767444/unknown.png	Plus	1,3	SPSSCPC	BPSCSPH	SHSPSTB	BPCBPPS	BBBBBBB	BBBBBBB		
https://cdn.discordapp.com/attachments/666871092014743573/666900458530668545/unknown.png	Snake	2,5	SBBBPDB	HSTSTHT	CTTDPPS	BCBSPSH	HSBBCDB	BTSBTTT		
https://cdn.discordapp.com/attachments/666873697763590144/666910027956748303/e845e4e630.png	Hexagon	1,2,4	HCPSTSS	DCPDSHC	BCHBDDC	BPDPSPD	PSBBTHH	TCTHTCD		
https://cdn.discordapp.com/attachments/666871092014743573/666901024606519306/unknown.png	Diamond	3,6	SCTTHDH	HPDDPTC	PPPDSTC	PCTHBPC	SDHCTHC	TDPSSTT		
https://cdn.discordapp.com/attachments/666871092014743573/666901077102297109/unknown.png	Hexagon	1,4,5	BHSSHTS	HPDHBSH	SBDCSTH	PCHSPCD	HHTCCHS	CBSTHBT		
https://cdn.discordapp.com/attachments/666951769779339264/666976735526518804/unknown.png	Plus	2	BHPCBSS	DBBBCSC	DCBPDBC	SHTDCTB	THCBSPB	PPSPDHC		
https://cdn.discordapp.com/attachments/666873697763590144/666912524574130177/warlock_11pm.jpg	Diamond	3,4,5,6	SSTPTCD	BBTDSPD	PCSPCPT	CBBTBTC	CPTSCHB	TPBSDPB		
https://cdn.discordapp.com/attachments/666951769779339264/666997751959257108/unknown.png	Plus	2,6	SCBTDHT	CDDSHHD	DPHTHD	HPBSSPT	DDPPTDC	TSBCTST		
https://cdn.discordapp.com/attachments/666872924967403550/666901342631100416/unknown.png	Clover	1,4	PCCTDSS	BTBSPTH	STTDSCT	SCTDTDS	PPDTCPC	BPTBPPS		
https://cdn.discordapp.com/attachments/666951769779339264/667004651362844672/DOOIE4.jpg	SNAKE	3,5,6	DHPCBBP	CTTPDDC	STHHSBT	HBSTTBH	CCSCCDH	SBBBCCB		
https://cdn.discordapp.com/attachments/666872924967403550/666903499828756500/tiger_release_final_20200115_110257.png	Hex	1,5	TDBTBHT	PDDBTSP	CDPSBCC	PPTPHTH	PSDDPPS	TDTBSST		
https://cdn.discordapp.com/attachments/666951769779339264/667022805476573193/Q1.jpg	DIAMOND	2,6	CHBPHBT	PHCBSBS	BSPCHCS	PCHHDDP	PHDCPTH	TBDCDHS		
https://cdn.discordapp.com/attachments/666872924967403550/666888231169556480/tiger_release_final_20200115_001407.png	Clover	3,5	STHDPTD	PTBTCTC	DBDPBTD	SHTPBBP	HTPSPCB	DTHTDCT		
https://cdn.discordapp.com/attachments/666872924967403550/666885477793529898/hour_3.jpg	Hex	6	CDCPBPH	STSTTTS	PBHHCDC	SDPCPTS	TTTTPDT	HTPPPTS		
https://cdn.discordapp.com/attachments/666872924967403550/666873336139087904/Corridor_piece_1-2pm.png	Snake	5,6	PPTPPHC	TCPCSSB	HHSDCDT	CTDPHTP	TPDSCCP	BTHCSCB		
https://cdn.discordapp.com/attachments/666872924967403550/666878693733564448/Destiny_2_-_Raven_10pm_1.png	Plus	3,5	BBBBBBB	SBHHDHT	SHDSBSB	TBTCBTP	DPSSHHT	CPSHHDH		
https://cdn.discordapp.com/attachments/666872924967403550/666878503093927956/tiger_release_final_20200114_213339.png	Clover	2,6	CPBSDSD	TBCHDTH	SHCDPCC	TDTTTSB	SDBCCHP	DCPPSPS		
https://cdn.discordapp.com/attachments/666872924967403550/666873345454768128/Screenshot_11.png	Diamond	2,5,6	CDTBBBB	BTHDDST	SHPCTHS	DHBCCCD	HHBTHDD	TBDSBTH		
https://media.discordapp.net/attachments/638180330217537566/666900951805722624/emblem2.PNG?width=907&height=676	Plus	1	HSSSPDC	PBPCDTC	CDBCCTT	DPSHSDB	HBBBSPC	PDTDPHH		
https://cdn.discordapp.com/attachments/666872924967403550/666873513759735832/20200115074759_1.jpg	Clover	1,3	DHCPDBC	DDCDPTS	BSBHCSC	PHPSHDP	HPHCDBC	HCPCCTP		
https://cdn.discordapp.com/attachments/666872924967403550/666873608525840389/image0.jpg	Diamond	2,6	BHDSHPH	BHBCPPB	BTPDTDC	BSDTBPT	CHPTHDC	TCPSCSB		
https://cdn.discordapp.com/attachments/666872924967403550/666874216406319134/unknown.png	Diamond	2,5,6	SCDCDPH	PTDHHBP	PBHPDPD	SDSSCSH	HBSCPPC	CPDPTHS		
https://cdn.discordapp.com/attachments/666872924967403550/666874566651412490/Screenshot_112.png	Plus	3	HTCBPPT	HBCBDDT	CHCDHBC	SDSCDHD	DTBCBDS	DHSTDBH		
https://cdn.discordapp.com/attachments/666951769779339264/667049043163349047/GATOR2.jpg	SNAKE	2,5	DSSHDBP	DPBBSDT	BSHTPPH	SDPBCTH	PTSPPHH	HCPHTTC		
https://cdn.discordapp.com/attachments/666872924967403550/666875127560011777/20200114232012_1.jpg	Snake	2	PPTTPPC	CHPDHTS	HBHSBHC	BBBBBBB	BBBBBBB	BBBBBBB		
https://cdn.discordapp.com/attachments/666872924967403550/666875155095617548/tiger_release_final_20200114_230346.png	Hex	1,5	CPPCHHC	BCBBBTP	BHCSHBT	CCTBDST	HDBCDBH	DDPTBBB		
https://cdn.discordapp.com/attachments/666872924967403550/666875183784787969/tiger_release_final_20200114_232157.png	Snake	3,6	HHSSSHT	DTPPDHT	HHBHDDS	DBPSBPC	SDBDSTB	DBHTPSS		
https://cdn.discordapp.com/attachments/666872924967403550/666875368824635392/Bruh.jpg	Plus	6	SDTTCHD	BDBHSDH	TBHDBPP	CDHCHBD	HSPCCPD	PBTCBSH		
https://cdn.discordapp.com/attachments/666872924967403550/666875481001295926/received_2477835729101233.png	Snake	5	SDDBSDD	TSTCSPB	SPSBDPP	DBPDSHH	PCDCHBT	PPBHTCD		
https://cdn.discordapp.com/attachments/666872924967403550/666876224584417320/timeline1.PNG	Snake	3,6	PCHHDDP	HCBBPBD	DDPPSPH	SDDHPHC	SHCCBHB	PBPCCHD		
https://cdn.discordapp.com/attachments/666872924967403550/666876734884282378/unknown.png	Snake	1,2,5	PTBTDBB	TCTDCPH	PDDPPDS	CSDSBBD	DBCCCSB	PHBDDDB		
https://cdn.discordapp.com/attachments/666872924967403550/666876971892080690/unknown.png	Plus	3,4,6	BDHBSPB	TBBSSHH	CCCPBTH	HDTTSTS	BCPHBTD	PTCPPHT		
https://cdn.discordapp.com/attachments/666872924967403550/666877167073886249/2020-01-14_6.png	Clover	6	HPSDHSC	DTDDCDD	SDPCTTD	STTTHPT	HHPTPHP	DPCBPBT		
https://cdn.discordapp.com/attachments/666872924967403550/666877161008791573/Untitled.png	Snake	3,4,5	DTCTPHS	CDHDPHP	SSTPPCS	DSBDDBD	CSBPDDB	CHCDHSS		
https://cdn.discordapp.com/attachments/666872924967403550/666877644272304138/image0.jpg	Plus	3,5	CSDPSCB	HHTPCTP	TCCCSHD	PPBTCPD	CTBDCST	DDSCDBD		
https://cdn.discordapp.com/attachments/666872924967403550/666877788091056148/unknown.png	Snake	3,5	TSCBBPP	DBBHHBB	HCSDSPT	HPTSSTS	PTBHDBD	TCDTTSD		
https://cdn.discordapp.com/attachments/666951769779339264/667004728672256022/unknown.png	Plus	2,5,6	PDTSDCP	STBHHHT	TBPDBDS	BDTPPPD	CSPTDHS	TPCBDDB		
https://cdn.discordapp.com/attachments/666872924967403550/666877930886004742/tiger_release_final_20200114_213028.png	Plus	2,5,6	BTDPSBT	PDCCBHT	BSHHHDB	BCCPPCC	BPDDBHS	PCBPSSH		
https://cdn.discordapp.com/attachments/666951769779339264/667057811116654609/EVASIVE1.jpg	CLOVER	5	CSDTSDT	HSSSHBH	SHHCHTS	TSHCBCT	DTHTPHB	BSDBDPT		
https://cdn.discordapp.com/attachments/666951769779339264/667049485892976651/GATOR1.jpg	HEX	6	BSHPCDP	SHBTBHT	SHCBBSS	TTDTCDD	PHDHHBSB	HPSSHBT		
https://cdn.discordapp.com/attachments/666872924967403550/666955550013259776/unknown.png	Snake	2, 6	DPCDCBC	SSHBBDS	TPSSPSH	DCBTHCC	PBTDCDB	CCHCCTP		
https://cdn.discordapp.com/attachments/418962802015731732/667002201616678983/unknown.png	Plus	5	SHBTTDH	SBCBHPT	PPBBTCB	SCBTSDH	TBHCPBH	THTHSDP		
https://cdn.discordapp.com/attachments/597810935087759371/667006662468698125/tiger_release_final_20200115_150019.png	Diamond	1,3	BPCBTBP	PHHTHDS	BDBSHBT	DBHSHST	PBPTDSC	CCDCHPP		
https://drive.google.com/file/d/1s23FgaMHE-a5AChig5zlHg_OUfaP8l1m	Clover	3,6	SBDCTHC	PCHTCSS	BTBSBST	SSBDDCT	PSSSHSB	TBCHPPC		
https://cdn.discordapp.com/attachments/506697844896432130/667001147344683019/-1.png	Clover	3,5,6	DPCHPPH	TCTBBHP	BSHSPPD	DSTSTDC	THPCPTP	HDBCSTH		
https://i.imgur.com/t796FVk.png	Plus	3,5	HHTBSSP	BDSSSBP	TBPTDTB	BDHBSPB	TTBBPSB	HPPSDDT		
https://imgur.com/pe9wdDm	Hex	1	TBCPPSB	HPPPDCB	DBHBCHD	PBCSCCH	TTHBDSD	CDDDSHD		
https://cdn.discordapp.com/attachments/370721099417124874/666972258627092511/Destiny_2_Screenshot_2020.01.15_-_16.14.49.58.png	Clover	5,6	HTPHHDS	PCHPHDH	PHSSSSH	CTHHSPP	CCTPSTT	SCCTCCT		
https://cdn.discordapp.com/attachments/666873697763590144/666982138154844170/titan2.jpg	Snake	2,5	DBSTPDH	CCDHBTC	PBPTCCT	CHHCBHH	HPCBDCT	HTCBBTH		
https://cdn.discordapp.com/attachments/666951769779339264/667085915872559125/unknown.png	Hex	1,4	TDTTDDD	PBDPTDT	SPCTSCD	CPBCDDH	CHHHTBC	BCHTBBC		
https://prnt.sc/qo7j3f	Hex	1,6	PSCCBTH	HCHPCBT	BCHSDDS	HCHBSBS	BDPDDHC	STHHSBT		
http://prntscr.com/qo7m9x	Diamond	1,2	PCTHCTC	TCBTBCH	CCCHBSH	HCCPCHT	HHSSDCC	DDTBPTH		
https://gyazo.com/c807a827ee826026369042ba59ceb06d	PLUS	3,5	HSPCHSS	HDDTDHC	PDPTBSS	PCDSSPC	PHCBSBS	STHTBPC		
https://gyazo.com/6534abc519072e5d780a02543b6bfb60	HEX	5	PCSBSPD	SSTPTSS	PHSPSTS	SDCHPBH	SCDHDPD	DCBPDBC		
										
										
										
										
										
										
										
										
										
										
										
										
										
										
										
										
										
										
										
										
										
https://media.discordapp.net/attachments/220840731911258112/666872392148189184/unknown.png?width=720&height=636	Blank	2,5	DBTHHBB	CHDSPTP	SCHBSCB	SPHSSDB	PSTTPTP	SSCTHSP		
https://media.discordapp.net/attachments/220840731911258112/666869441358856243/unknown.png?width=720&height=614	Blank	2,5	BTTTPCH	TPCPPCP	SBTSBSD	HHHHPST	THBBPHD	TPPTCTC		
https://media.discordapp.net/attachments/220840731911258112/666869101741867008/unknown.png?width=720&height=497	Blank	4,6	CDCHHST	HPSBDSD	HCHPBCC	PTBHCHC	HHCSPBC	CPSCBTC		
https://media.discordapp.net/attachments/220840731911258112/666864920096145418/unknown.png?width=720&height=551	Blank	3	DDTPBCP	BTHSPHB	PDDDSBB	CCCBDCB	HPPPDCB	PSDHCBS		
https://cdn.discordapp.com/attachments/220840731911258112/666868657657348107/destiny2_YDYC1YMvfI.png	Blank	6	CDDDPSC	DTDSBHP	CBHTHCS	BSCHBBT	HSSTDDP	PTSSPDH		
https://media.discordapp.net/attachments/220840731911258112/666869298341347338/unknown.png?width=720&height=535	Blank	5	BSCDSSB	THBPDCD	STDHCBT	SPCCSSB	PSCHTTP	DPSPHDH		
https://cdn.discordapp.com/attachments/532321521704894474/666953322099507200/20200115043345_1.jpg	Blank	1,5	BTPTPBC	DPDBTSH	PCBBDDB	SDHCSDP	BSDBHHH	HDDHDHT		
https://cdn.discordapp.com/attachments/532321521704894474/666960275689439252/ninj2.jpg	Blank	2,4	TSCCTSP	HBBPSTS	TBTCCSP	SBCCBTD	SPBPHBP	CCDTCDH		
https://cdn.discordapp.com/attachments/532321521704894474/666953329602985994/20200115043355_1.jpg	Blank	4	PHBHPDC	DPHHSSC	PSPSPCS	CDTPTDB	TPHBSDS	DBHBDSH		
https://cdn.discordapp.com/attachments/609693179033419787/666955130540785664/unknown.png	Blank	3	CBBDPCH	HSCCBTT	TBDDHHP	DCSCCSD	BHHBTST	DDTTBHH		
https://cdn.discordapp.com/attachments/609693179033419787/666961840982720532/Untitled.png	Blank	2	CBPSHCP	SSPTHBH	TBTCCSP	CDBBTPB	HPPHPHP	CTDHBDB		
https://cdn.discordapp.com/attachments/609693179033419787/666954360684675093/unknown.png	Blank	2,5,6	CSBCPPC	DTHHBSC	SDHCCSC	PDDHSBH	TPBDSPC	HBBSPHH		
https://cdn.discordapp.com/attachments/666951769779339264/667076550671466516/unknown.png	Blank	1,2,5,6	PPSCSTP	CCPHPSD	DCSBCHP	CDPDSSP	HHDPBTC	DDSTPHH		
https://cdn.discordapp.com/attachments/666951769779339264/667076714140139520/unknown.png	Blank	6	HBDTHTD	CCSPCDB	BPSBDHT	PTCCSPH	PCSBSCS	PPTDPSS		
https://cdn.discordapp.com/attachments/609693179033419787/666957767206240256/unknown.png	Blank	1	DHHPBHB	DDHDHHS	TTTTBBS	CDBTDPC	CHSCHDT	SCHBSCB		
https://i.imgur.com/TPLpcmc.png	Blank	2,3,5	SDHTHSP	HPHTCBB	CSPCTTT	CBSBHPT	BSSPDBH	PCCTBSS		
https://cdn.discordapp.com/attachments/666951769779339264/666976508610609154/unknown.png	Blank	6	CSDBBSC	SBCPPTC	SDTBPTB	DCHSTPD	TDSSBDD	PHCBSSC		
https://cdn.discordapp.com/attachments/666873697763590144/666887002582417428/hex1.PNG	Blank	2,4,5	HCCPHSP	BBCTHCC	DHSCCDD	DCBTBHD	BTHPHTP	PDHSBHB		
https://cdn.discordapp.com/attachments/666873697763590144/666912228271718410/Destiny_2_20200115084508.jpg	Blank	5	HCCPPHS	STTPTTD	BDHCTBS	HHTHDPS	DCTCTCT	CHTCTBH		
https://cdn.discordapp.com/attachments/666951769779339264/666976585630351360/unknown.png	Blank	1,3,4	DTHCPHC	PTTSCPC	DPSPDBH	PTCTSHT	TPHPTPD	TBCDHTD		
https://cdn.discordapp.com/attachments/666951769779339264/666976627657277452/unknown.png	Blank	3	HDCPHBD	BPHDBBP	BHCSCPB	CPHTDPB	CSHPHSS	HDDBHTP		
https://cdn.discordapp.com/attachments/666951769779339264/666976794091585556/unknown.png	Blank	1,2,4,5	DPSBHSH	TDTCSTS	HSTHHTC	PBPCBCB	BDCBHSP	THTPPTB		
https://cdn.discordapp.com/attachments/666951769779339264/666976877914619910/unknown.png	Blank	3,5,6	SPHSBPT	CPTSDCP	BPSPBSH	PCDBCHC	DHPHSBP	PDDSHCC		
https://cdn.discordapp.com/attachments/666951769779339264/666976929093779456/unknown.png	Blank	1,2,3,6	PHTHCHT	DSCPBTS	DPBBCST	BTBHSTP	DCCPBDC	DBBDBTD		
https://cdn.discordapp.com/attachments/666951769779339264/666977015592648704/unknown.png	Blank	2,3	SPPBPTD	BBDBSDC	BPCDPPS	PHDHBPS	DHPDTHP	SSBTCDS		
https://cdn.discordapp.com/attachments/666951769779339264/666996492862750741/unknown.png	Blank	3	PTPTSCS	SPCDHCP	BHTCSPD	BHBTPDS	HCBHPCP	BBDPPBH		
https://cdn.discordapp.com/attachments/666951769779339264/666997005129744415/unknown.png	Blank	2,5	SSDPSTD	SPTSDPS	TDPDDCP	HCPTDDD	THPPPTT	DBBDTCBT		
https://cdn.discordapp.com/attachments/666951769779339264/667002140354543618/unknown.png	Blank	2,5	DTBDBPD	CPBHCPD	BBDTHCS	TTTPSSC	HDSBSTP	SPHCPTB		
https://cdn.discordapp.com/attachments/666951769779339264/667003240415625237/unknown.png	Blank	1,2,5,6	BCSSSDD	BCSTHSC	SBHCCPC	SHHPCBD	HSTTBBP	DDCPDTD		
https://cdn.discordapp.com/attachments/666951769779339264/667004261980307496/unknown.png	Blank	1,3,6	PSBDDSS	SPDDBDT	CSHCCCB	BSPTHDB	PSHCSCC	SDDBPBS		
https://cdn.discordapp.com/attachments/666951769779339264/667015816067285003/unknown.png	Blank	2,4,5	TBBTBHH	TCDHHCT	CDDPTPD	BHHSTSC	BDPPSBC	DBHHBDS		
https://cdn.discordapp.com/attachments/666951769779339264/667016523465883677/unknown.png	Blank	3	STPSPPP	SHCCSSS	DBCBSPB	PTPTTSC	PTCBSHH	HPBBBCS		
https://drive.google.com/open?id=1vzctiEWhZ44d7-US09wSxUYSW4ysiiHs	Blank	1,2,3	SSTPPDS	DBBBHPP	SDTBHTP	TDSBTSP	PCDCTTS	HHTDBDH		
https://drive.google.com/open?id=1SS44G7NgIxQhDuR5zh0KILFa4L0ylArt	Blank	3	PPBTCBC	CBPHDDT	CDHTTSD	PSCPCSB	PCPPSHC	BBHTTPT		
https://cdn.discordapp.com/attachments/666951769779339264/667085863582171178/unknown.png	Blank	2,6	CDBDTSS	BBPCBCS	DDTBDST	CCTHTTS	THPDSCT	DDCCTDP		
https://cdn.discordapp.com/attachments/666951769779339264/667080606135615516/unknown.png	Blank	2,4,5,6	DSSSDCP	CPDTHPT	THHCDSH	BHDTBCB	HPBCSCC	HDDBTCC		
https://media.discordapp.net/attachments/486581157576572940/666979412570406913/PS_Messages_20200115_121742.jpg	Blank	2,3	DBTHCTP	DSPPCTS	HDHBBHD	CTPCTHC	PPHBCBB	HTPTPHT		
https://cdn.discordapp.com/attachments/666951769779339264/667085959480868874/unknown.png	Blank	3	TSSTTTC	HPTDBTD	PCTTSTT	TPPHHTT	CTCPBCD	CSSBSDT		
https://cdn.discordapp.com/attachments/440385022172856322/666991667299090442/2020-01-15_21_05_42-Window.png	Blank	3,6	BPBBBTB	TTHTPCC	TTTPHBC	DSSTPSH	TDCCCHB	DBDHCBB		
https://cdn.discordapp.com/attachments/666951769779339264/667086002707497028/unknown.png	Blank	5	HSHHDBC	BDBHSPP	SHTSTHC	SDBPHBD	TDSPDHC	TCPDBSP		
https://cdn.discordapp.com/attachments/666951769779339264/667086045329883176/unknown.png	Blank	3	BCSCBDB	DTHDCCD	TBDPSSS	PTCCBBS	BDBDTPB	STHTCPS		
https://cdn.discordapp.com/attachments/557136242853019670/667001409224310784/aciditylip_hunter_1.png	Blank	3	DCHCSCH	TPPDDHP	BTTSBTB	DBTDSHS	DBBTSDB	TTTTDCS		
https://cdn.discordapp.com/attachments/557136242853019670/667001410570682418/aciditylip_titan_1.png	Blank	2,4,5	STDPSBP	HPCHPCC	HDHPSBH	TCDTCHB	DSBCSCS	HTHBCCC		
https://cdn.discordapp.com/attachments/557136242853019670/667001402874265602/aciditylip_warlock_2.png	Blank	4,6	SHTTBTH	BDPTCPS	SBHHBPC	CDPSHSD	CTPDBBP	BPCHPCH		
https://cdn.discordapp.com/attachments/557136242853019670/667001407093866496/aciditylip_titan_2.png	Blank	5	BDDCCPC	BSCCTSP	SHHDSSD	SSSHBDB	CPHPPPP	PBSPPBD		
https://cdn.discordapp.com/attachments/557136242853019670/667001392522854420/aciditylip_hunter_2.png	Blank	1,5,6	CHTTDCC	TPSCSPP	HDHSTSP	CSCPHSP	SHHBDBC	PCCBDSH		
https://cdn.discordapp.com/attachments/622557325680705546/666996516266704896/Destiny_2_Screenshot_2020.01.15_-_02.55.45.70.png	Blank	1,5,6	CCBBHSP	BBBBBBB	BBBBBBB	CPDDDCT	SDCPPSH	HCDPDDH		
https://cdn.discordapp.com/attachments/666992790541959198/666999061685207041/20200115112130_1.jpg	Blank	2,5	CTCTBCD	PPTSSCH	BDSDSSS	CBPSHCP	BHPTDCP	CCCHPCB		
https://i.imgur.com/TIyrDox.jpg	Blank	2	CBSPBBT	DCPCCDC	BSBSCCC	CPSTTTC	TPTCBPC	DHTTHHC		
http://prntscr.com/qo7l4o	Blank	3,5,6	DTSBBBP	CHHSHTD	CDDTCSS	CDSCDBH	HSSSSDB	PDTSTST		
https://cdn.discordapp.com/attachments/666890596899749904/666890720954679318/3rd_personal.png	Blank	2,5	HTDSDDS	PBTSCHP	CSBCSSP	CSCDSHH	CDBSBPD	PHTCCPB		
http://prntscr.com/qo7o5e	Blank	1,4	PTDCDDP	SPHHBSC	TTPSPSC	PDSBBSH	SSBPCBC	DSDPCBS		
https://gyazo.com/85cd871c548d0f6347809f89b814ca1f	BLANK	3,6	PTTCTDP	BSBTPSP	CTCSSST	PDSTHTH	BHCPHTP	STBDCBD		
http://prntscr.com/qo7r5t	BLANK	2,4	DPTDSDT	CHSDDDD	HPPHSSP	BHDPBCD	DCPDTHS	TBCDDCD		
https://gyazo.com/c97d9c00bb4c5373e66d1d7f9161c3f2	BLANK	4,5	CPCHTTB	HTDHCPB	TSDDPHB	HHHBHCS	THDHSHP	HHSDCDT		
https://cdn.discordapp.com/attachments/666951769779339264/666984030985650206/marsh1.jpg	blank	1,2,3,4	CCHPDBP	CHCPHPC	TSBSBCP	TPCCPCD	CPBCTSB	PTCTSTC		
https://cdn.discordapp.com/attachments/666951769779339264/666986041877463061/MARSH2.jpg	BLANK	2	PPTSHDT	CBDPTTS	BTHCSDP	SDPDBSH	TTTDTPC	DSBHDST		
https://cdn.discordapp.com/attachments/666951769779339264/666986990545403926/MARSH3.jpg	BLANK	1,3	HBPCSTD	TPTHTPT	SDHCPSB	PHDSBCS	BBBBBBB	BBBBBBB		
https://cdn.discordapp.com/attachments/666951769779339264/666989112288477184/MARSH4.jpg	BLANK	2,3,4,5,6	TDPHBPB	DTHSHDT	STSSBSD	CHHHHSD	PDBHSTB	HBCHTBD		
https://cdn.discordapp.com/attachments/666951769779339264/666990033802362880/DIXIE2.jpg	BLANK	1,2	PPTDPHB	SPSPCSS	BBBBDSB	PBBCSTD	PCBTCTS	BDCPDDT		
https://cdn.discordapp.com/attachments/666951769779339264/666992732081750026/DIXIE4.jpg	BLANK	4,6	HBCPHDB	BCDDCBC	CDBSHSP	DSTHHHP	HHCSDDB	DDTDTBS		
https://gyazo.com/2bcc2def3cd47c3f20c163769983ac4e	BLANK	1,3	HSPDDCC	BSCTHSS	BDTPTBP	SSDPHBT	BCDTCHB	PPHPHSD		
https://cdn.discordapp.com/attachments/666951769779339264/667002459419443210/DIXIE6.jpg	BLANK	2,5	TTPPBBT	DTBTBDC	THPTSHP	HHDSDCS	STHHPTH	SCBSPBP		
https://cdn.discordapp.com/attachments/666951769779339264/667004144493527059/DOOIE3.jpg	BLANK	2,6	HCPPCDB	SSDSBPS	SSPTBBB	SDHCSHB	HDCCPSP	CPSCCSB		
https://gyazo.com/4cd0bc268ff4065ba4e513222f0bd682	BLANK	3,5	SCHCDDH	TSPBTSB	SHHBHDD	THTDPTP	BDTBTSH	HHPSDHB		
https://cdn.discordapp.com/attachments/666951769779339264/667005784822906910/CIARAN2.jpg	BLANK	1,2,3	DHTHCSC	HPDDSPH	SHBDPHD	TSHTPPB	BBBBBBB	BBBBBBB		
https://cdn.discordapp.com/attachments/666951769779339264/667006846996971523/JOHZAH3.jpg	BLANK	2,4	TPTPBSH	CSSPSBC	SBSPPTT	HTBPBSP	BBBBBBB	BBBBBBB		
https://cdn.discordapp.com/attachments/666951769779339264/667008624345874432/GATOR3.jpg	BLANK	5	BBBBBBB	BBBBBBB	BHSHDBP	DBSDPBS	HDSTHHT	BBBBBBB		
https://cdn.discordapp.com/attachments/666951769779339264/667011431631421460/SLAP1.jpg	blank	2,5	BPBSTSD	HCHPTHP	BCPBPBC	HBSTSCB	PCCTCTP	CHDBBHB		
https://cdn.discordapp.com/attachments/666951769779339264/667021218787885086/ROSE4.jpg	BLANK	1,4	DDHCHDP	HCHSTDS	PHCPPPB	BHHBTDT	SBSDTDP	DPCTTDC		
https://cdn.discordapp.com/attachments/666951769779339264/667022048052379671/ROSE5.jpg	BLANK	2,6	PTTBTSS	STSPCCS	HTCTCPP	HPPHTBB	SBPDSCB	CTHBDST		
https://gyazo.com/b30e8b565f0da498b659c87d3cb042a7	BLANK	2	PBTDPPS	PSHDHPH	SHDBBBT	CHHHTHH	HSPTSDS	BCPTBDP		
https://cdn.discordapp.com/attachments/666951769779339264/667023496362196992/Q2.jpg	blank	2,6	BHCTCBD	STTPCBT	BHDHHTC	DHHPBBT	BHHTPCD	THBBPCC		
https://cdn.discordapp.com/attachments/666951769779339264/667025016466046976/Q3.jpg	BLANK	1,3	BBCCHHC	SPDPHDT	SDSTTPP	HBCCSPH	DTHSHTS	HHHCCHS		
https://gyazo.com/0aafd6444693a08a0e3faa3a7cac0a75	BLANK	2,3	BPHHHPD	TSPCSCH	SHPPBTH	DPBDSSS	DBPSHSD	SSPTHTS		
https://gyazo.com/4a8e0d93a8a65c1ef2a4c522c99afa1c	BLANK	3,4,6	CSHDBSH	HTBBDTS	CBCSCHP	SCPHBHD	TPPDHHS	DBPDDSC		
https://cdn.discordapp.com/attachments/666951769779339264/667051045939052566/APE1.jpg	BLANK	1,3,5,6	BDTCSBC	DCPSTPD	DDBTHPP	HCSSSCP	DSPBBDB	DPHBCCP		
https://gyazo.com/9de74b09e608464fa811ca1478ba49bf	BLANK	2,5,6	BPPSTSC	BCSBBTP	CDBTPDD	DSSTHDH	DBPHPTP	CSCPTSP		
https://cdn.discordapp.com/attachments/666951769779339264/667059315840122915/TOOLMAN1.jpg	BLANK	5,6	CDSHSSB	TTSHHHB	HHTSBCT	HCTHSTS	CDTPCBH	HBDBTTT		
https://cdn.discordapp.com/attachments/666951769779339264/667060549137465366/INCAINE3.jpg	BLANK	5	DPCDPHS	DDSCBTP	PDSTTSC	DTPPSBP	SDBHDPT	DHCPPTB		
https://cdn.discordapp.com/attachments/666951769779339264/667065113689456660/NINJ3.jpg	blank	5,6	SPHCTHP	DTDCCCB	BDHBSSC	HBPBPPC	thcppcp	HHHCTPT		
https://drive.google.com/drive/folders/1P53XsEMFxwfJ7W2LliZI6Ixbn3-juH-x	Blank		PTTDHSC	SCBHPDP	DTPSHHP	BBBBBBB	HBHBSCP	BHCBDHH		
https://media.discordapp.net/attachments/628857960369750026/666886937885540362/unknown.png?width=700&height=394	Blank		DPHHHPB	SHSCCTP	HBSPHPT	DPBDSSS	PDSSBDH	TPSTSHS		
https://cdn.discordapp.com/attachments/666873697763590144/666996378882408478/20200115081227_1.jpg	Blank	3,4,6	SPCPCCP	DHBDDTT	TBDHCHT	CDSDHTH	STSPCST	DPBHHDH		
https://cdn.discordapp.com/attachments/507380566769926144/666869811133022249/1085660_screenshots_20200115015253_1.jpg	Blank		DTCSCTP	PHTBCSD	TTPTPHH	PPPDTCP	TPDBSCS	PPSBCTS		
https://imgur.com/a/2AXyvO6	Blank		BTHSTCP	SHHSBDB	HCSHHHC	CCSCPDC	DSDPBHC	HCTDSDS		
https://gyazo.com/c9d708d019427c727ef33de9d3a2aedd	BLANK	1	CPHSBTT	TBDSSPT	SSHBCDB	BTHSCBP	TCSHSCT	THDBDTB		
https://i.imgur.com/CJ1vXmV.jpg	Blank	4, 6	HBDHHTC	BHHCSCD	PCTHSTD	BTSBSCC	SHCDTCB	DBPHSSH		
https://drive.google.com/file/d/1hyd59YKW2eFe1Ab5orJwa3nmeYoc0f_R	Blank	3	CTHHDTB	TSPSHSH	SDBCTBS	DPHTHPH	PHPSTTS	HHCBCCP		
https://gyazo.com/36654145d0518c2d76a4410fb9c4a795	BLANK	5	HTCSHPB	PTPHDTP	CPDDBCC	PPBHBHB	CHDHDTT	CCTSDSH		
https://gyazo.com/eb99ed235b71a7ef211ac403f334da03	BLANK	2,5	HHCSHCD	HSCBSCS	CPCDBBT	SHTTBBD	PCCSBPS	HDSDBBC		
https://cdn.discordapp.com/attachments/540895684073619466/667000531276791818/unknown.png	Blank		CBTDPCH	BCBTDBS	HCSPBDT	BSCPHDB	BPCCSBP	TCSTSTB		
https://gyazo.com/2c418366f18d04f18cce06fee3014eb4	BLANK	1,3	DCHCTCH	TBPCHHC	CBDPHDB	PTCTDHS	BBBBBBB	BBBBBBB		
https://cdn.discordapp.com/attachments/666872924967403550/667008073050882077/20200115192054_1.jpg	Blank	3	BCHBHTT	BPCSBBD	PPSBSBP	SPSDPTP	DDPCTHP	SHHPCSD		
https://imgur.com/a/4V4FqRy	Blank		TCHBDTH	BSHSTPB	HBTBTBS	DBBDCHH	CCHSPPS	SHCTHBS		
https://gyazo.com/5207f4c12f9e40bde32316ce3d6eed30	BLANK	1	SCHCCSB	SDBCDHB	SDPTSSC	STCSCBH	TSCCSBC	CPCHHPB		
https://drive.google.com/file/d/1cl5yOuR-Qowj6cxa11LY1y9RXsUJb0sA	Blank	2,4	SBHSTPC	BTDCPTC	HDSSBDD	SBCPCPB	DBBPDTH	TCPCHDH		
https://i.imgur.com/lMq4o35.png	Blank	1,4	TCDCPSH	PBDHTCT	DBPCHHD	SCTDBSP	DSTDBPD	CCCPDCH		
https://gyazo.com/3226b2a8312d944010635d146c113b59	blank	1,3,5,6	PSBTSSS	CCSDBHS	TBHDDPH	DBCSBDH	PBBTTTC	BPSPBSH		
https://gyazo.com/2ff539ac8c0370023f9abbea3fe1904c	BLANK	2,5,6	THCTCCP	DPCHBDT	BSCHCPT	CHDCHDS	HBCPHBS	BHDTPPC		
https://gyazo.com/c224cea6947bbb99bd2fda4d134345d7	BLANK	2,6	SSCHTHH	DCSHPCP	HDBSPCD	HDDDDTB	DTDDPSS	CSTDCPT		
https://drive.google.com/open?id=1XA7fxxvJCOgo_rnecU_gXhBDlEF2MMSj	Blank	2,4	DBBBDPS	PCTSCDP	BSHHHTB	BCHBHTT	SCCTTHB	SBTPHPT		
										
										
										
https://cdn.discordapp.com/attachments/666873697763590144/666981589812510730/20200115132240_1.jpg	Blank	4	CSTPHTH	CBHDCSB	DPSSDPP	BDDDTCS	PSBSCSP	TTCSSTH		
										
https://cdn.discordapp.com/attachments/666961051379564575/666961338370621497/unknown.png	Blank	2,4	CHDTCPB	SHHBDBC	DTPDTTD	DPBCCTS	SDPHSHB	DSBBBC		
https://cdn.discordapp.com/attachments/666961051379564575/666961099618254848/unknown.png	Blank	2,4	CHTBBBH	SPCBCHS	SCHBTCS	PPSCSTP	PDCPHDD	HHCSHBC		
https://cdn.discordapp.com/attachments/666873697763590144/666951957902262282/em2.png	Blank	5,6	CCSTDCP	HDPPCHC	SSBSSSC	DSTBHHP	CSSTHCC	DPSTTPH		
https://cdn.discordapp.com/attachments/581389917704290315/666983878401065020/1-14-2020_8-33-27_PM-b5nk4h2c.png	Blank	5	BBBBBBB	BBBBBBB	DDCSSDC	SPHTBPH	TBPSPDS	BBBBBBB		
https://cdn.discordapp.com/attachments/409961893512478723/666984225425326110/exEToDD.png	Blank	5	PHPPDTT	SPDCSTP	BBSDHCP	THPBCHH	BDBDBTB	TPHTTTT		
https://cdn.discordapp.com/attachments/581389917704290315/666983941042995201/1-14-2020_9-53-08_PM-u53r3ec3.png	Blank	5,6	PTCCPDT	CBBHBBP	BDDHDHD	BTPTTBC	THTTDSP	HDSPSCH		
										
https://media.discordapp.net/attachments/666872924967403550/666987794144428057/unknown.png?width=720&height=552	Blank	1	HDTBBHP	DHCHHBC	PCDCBSC	DCTHHPP	THDBHTB	PDBPTBS		
https://cdn.discordapp.com/attachments/666873697763590144/666989189593563146/titan1.jpg	Blank	3	DPSPPCH	SHTSCSH	CCCSTBP	SCHPPHB	PCHSDPB	STSPSHT		
https://cdn.discordapp.com/attachments/666873697763590144/666988854326067231/unknown.png	Blank	2,5	PHBPDCS	HHPTHDB	SSBPPBC	BDHPHDS	CDHBBHD	STBCSST		
https://i.imgur.com/EpISnaV.jpg	Blank	1,3,5	HDPPCHH	DHHHBPP	SBPBBCS	SPBPHBT	PSHTHSH	TTCPBDS		
https://cdn.discordapp.com/attachments/666873697763590144/666991723083202620/fc34cab4-8f1a-464c-a8ec-6e51a1a56e96.png	Blank	2,4	PDTBCSC	SPCCHST	HTHDTHC	PTPBDCC	CCPCBCD	THPPBSH		
										
https://i.imgur.com/lIXIKpu.jpg	Blank	3,5	TDCPTPD	SCDTSCH	TDDTCPT	BDTSHST	PHTBCSD	SHBPSTS		
https://i.imgur.com/KmrK68q.jpg	Blank	5,6	PTDTCBP	DTBCSDD	CPCCTHS	DDPBSCD	TTDTCTB	SPPPBHH		
https://i.imgur.com/UtwUuJO.jpg	Blank	5	SCCCCHC	TSDSSBT	SHHPHTD	TCCBPPH	PTCPHPH	CSTPTSD		
										
https://i.imgur.com/n8ErOHh.jpg	Blank	2,4,6	DBBBTHP	BSBSHSS	DHBTDSD	DSBHSST	HTBSCPP	CPSBPBS		
https://cdn.discordapp.com/attachments/616633429462876185/666996616473083905/unknown.png	Blank	2	STCBCSP	BTBCTPH	DBCDSPT	HBPDHPD	DDHCPPC	TPBSHTD		
https://cdn.discordapp.com/attachments/666872924967403550/666961096640430110/unknown_1.png	Blank	5	CBHBBCH	TTCPDTS	DTCBSBD	SSTPPDH	PCHSDHD	SPSTPTT		
https://cdn.discordapp.com/attachments/512801962253746192/666883538674515968/unknown.png	Blank	2,5,6	HPCPHBS	CSHTTBD	PBTBTTT	HTSTBDP	HTBTHBT	HBSHHTP		
										
https://media.discordapp.net/attachments/666873697763590144/666997393077567548/unknown.png?width=950&height=676	Blank	2,3,5	THTDCTB	BHPCBSP	CCTBBTB	CCTPTDT	HPDHCHP	CCDHHSH		
https://cdn.discordapp.com/attachments/666873697763590144/667000932038344706/20200115144000_1.jpg	Blank	1	SHCPHTP	CCBDCBD	DHBSBHT	DCTSBBH	PCHHCCT	PHHHSTT		
https://imgur.com/pyPz9r0	Blank	5	TDTTPHH	SBSPTPH	DPHDPTD	DPPCTCH	CPTDPPH	CCPSHPB		
https://cdn.discordapp.com/attachments/666873697763590144/667005809221435442/Tem1.png	Blank	4	BDPPDCP	DHBPDHH	TSPDSBB	CCBDDSD	HDBSPTB	CSHBTCD		
										
https://imgur.com/XdWz7KT	Blank	2,5	PTHBDTS	HPTHPBT	PTDBTSH	HPBDPDB	BTSHSBS	CPDBSCS		
https://i.imgur.com/fURNDt7.png	Blank	1,4	SBDBBSB	PBDBDDS	SCHDBCB	TPCDPDB	HTDPSTC	TCPBSHS		
https://cdn.discordapp.com/attachments/666873697763590144/667011423435489282/Tem2.png	Blank	2,5	PBDPDPS	CBCSTTC	HTBDHPD	THPCDPB	SPCBSCB	CBDDTSH		
https://imgur.com/qvb5RPX	Blank	2,6	PPTPPCT	BSPBHPD	BSPHSTT	SCPHCCB	HCBHDDT	PHPHSTT		
										
https://i.imgur.com/g3mOzIs.jpg	Blank	3,6	HTBBBTC	STDDHTD	PBPPPDP	TDBHCTP	PBCDTCD	DTTBSPP		
https://ibb.co/VpzBTPf	Blank	1	HTCBDBS	SHSTBTH	PDCDPSP	SPBBTCB	BSCTHSS	SBHBTCD		
https://imgur.com/JyxrNQd.jpg	Blank	2,4	SCTCTCC	BPTTSSC	DBBTPBH	SBPDPHP	TTSBDBH	PPBCHDC		
https://ibb.co/VM0N7gD	Blank	2	CSBSBBT	BPPSDCD	HHCPHHH	DHCTCPT	DHTPDBT	DTHTHPH		
										
										
										
										
										
										
										
										
										
										
										
										
										
										
										
										
										
										
										
										
										
										
google form submission										
https://cdn.discordapp.com/attachments/666951769779339264/666990604219056128/DIXIE3.jpg	BLANK	3,5	BTBTTDD	DPTTBCH	DDPDPTD	BBBBBBB	BCTPDTP	CHPHSTD		
https://cdn.discordapp.com/attachments/666873697763590144/666991978667573288/20200115233656_1.jpg	Blank	6	SBPHBPD	BBBBBBB	BBBBBBB	SHCTDPP	PCSHCBT	TTBBCCD		
https://cdn.discordapp.com/attachments/360746184492580876/666993662227644426/Destiny_2_Screenshot_2020.01.15_-_16.09.14.69.png	Blank	2,4	DTDDHSS	THHHCCH	DBTPDTS	DDCSCDS	PCHTCSS	STHDBBC		
https://cdn.discordapp.com/attachments/666873697763590144/666995634309431347/emblemcode.jpg	blank	2,3,5	TPBCTTP	BSPCHPB	CBDDCHD	CTSHCSC	SBHHBCT	DDSDTHD		
https://cdn.discordapp.com/attachments/447415149901512706/666993062270205974/unknown.png	Blank	3	PPDHBCC	PDHBBBD	BDSHCHS	SPPHPCB	PHHTBDB	BSBCPBD		
https://cdn.discordapp.com/attachments/447415149901512706/666994681141395496/unknown.png	Diamond	4,6	BTHTCPD	DTCTBCH	DSHDBPD	BDHPCSP	DHCDDTH	SSSSPSP		
https://media.discordapp.net/attachments/666873697763590144/666998817358610443/a.jpeg?width=854&height=481	Blank	1,2,4,5	CPSTSTH	SHSBCSH	DDTPTHH	CBDTTCT	TSCCBTS	THSCPPP		
https://cdn.discordapp.com/attachments/563715872083148810/667001980140650506/tiger_release_final_20200115_234030.png	blank	1,4	PBPCBCB	DDDTDPT	HCSHCTD	HDCPPHH	CHPDTPH	CHSTDCD		
https://cdn.discordapp.com/attachments/666873697763590144/667003476437368883/IMG_9cc7f432-d75c-42c4-a0db-607f3bb62579.png	Blank	6	HCSTDST	SCCBBCS	BBBBBBB	BBBBBBB	BBBBBBB	BTDHSSH		
https://cdn.discordapp.com/attachments/666873697763590144/667003150992932878/pic.png	blank	2, 5, 6	DPTCBTT	CCSSSCC	DHSPTCB	BCBHDBD	CCSBHBT	CDHTTSD		
https://cdn.discordapp.com/attachments/526253654357835786/666882961362386944/unknown.png	plus	3	HBBTSHS	BSPTHTP	BCSHBPS	DTPCTSB	BSHPBHS	DHBDCPH		
https://cdn.discordapp.com/attachments/360746184492580876/667007811519250452/Destiny_2_Screenshot_2020.01.15_-_17.09.09.09.png	Blank	2	PHPCSDD	HSPCTHP	BHHHDDT	PBCDDBT	BDPPCHH	SHDBBBT		
https://cdn.discordapp.com/attachments/666873697763590144/667009280481689613/Destiny_2_1080p.png	Clover	1	DDCTDTC	PBPTTDH	DHDCCHC	TBTBTPB	TCTBCTS	BSSPDHT		
https://cdn.discordapp.com/attachments/666873697763590144/667008865904230450/tiger_release_final_20200115_081433.png	blank	2	HSBSBBT	DDDDSSB	PBHDDSB	HDDCBHC	HDPTTHT	PSTBHHP		
https://cdn.discordapp.com/attachments/666873697763590144/667009587249020938/PS_Messages_20200116_001741.jpg	Blank	3,5,6	HPPHTDC	DSHTBSH	DCDCHTP	BSTBSPC	HSBBBCD	TTSSDDH		
https://imgur.com/a/nZJDHeo	Blank	4,5	BTPCTBP	BBBBBBB	BBBBBBB	CDDHDTB	HPSBBCT	TCSSHPB		
https://i.imgur.com/O6abZ7r.png	HEX	3,5	DPHDCHD	TPTPHDD	PBSBSTC	DCHSTPP	SBDBSDC	TCSSHDB		
https://cdn.discordapp.com/attachments/666873697763590144/667013049911345162/sketch-1579098682498.png	Blank	1,2,5	HCBCCBD	BCCCPPH	CDHBPDD	CHDBPPT	PPSSPCB	HCBSTST		
https://cdn.discordapp.com/attachments/667012436360167447/667012899696541696/Destiny_2_Screenshot_2020.01.15_-_09.30.31.46.png	Blank	6,3	SSHBHPS	HSSDDCS	BSSPBCT	BBTBBSH	DCCHDDP	CHTBCCS		
https://cdn.discordapp.com/attachments/666873697763590144/667016968137867264/Screenshot_2020-01-15_08.43.44.png	Blank	1	DPCHPDD	BDPSBDS	CSSBSCB	HSBTDBS	BSBTPTT	STCBPBP		
https://cdn.discordapp.com/attachments/667012436360167447/667016942854471680/Warlock_1.png	BLANK	4	DSBTCTD	HSBBSDC	PSTBHTB	DSDPCPB	HTPPPTB	HDCPSDB		
https://i.imgur.com/9eiQaUo.png	Blank	1,3,4,5	PCDBSSC	DDTCDBP	HPCPCBS	TBSBSCB	TCDHHCT	TBTTCSH		
https://i.imgur.com/nV77X9d.png	Blank	2,6	CPSBSDH	BTPPTBD	TDPBHDB	TBHDDSH	SBCPSTB	CDHSSHB		
https://cdn.discordapp.com/attachments/667012436360167447/667021578739122186/Warlock_2.png	BLANK	3,5	BBPHPTB	BPPSDHS	PCTHDTH	TDBPBCC	DPSHSTS	CCTSTHT		
https://imgur.com/CrzbKjh	Blank	3,5,6	DHPSTDS	BBPSHTT	DDBCSPC	HBHHPPH	DPSDCBB	TBTHPCT		
https://cdn.discordapp.com/attachments/457847668429946893/667021012533248002/Destiny_2_Screenshot_2020.01.15_-_15.21.25.02.png	Blank	1,3,6	PDPSBHB	BCSBCPB	CPPCSTH	CPSCBCD	BDHHDDP	TDCHPBP		
https://i.imgur.com/mtLEO0n.png	Blank	2, 6	BHPTBPH	TCTTBHB	TDCTHCC	DHSTCHP	PPDHPSH	HSTSBTT		
https://cdn.discordapp.com/attachments/666873697763590144/667024896702021632/unknown.png	Snake	3,5	HTSSBBH	CTTSDCC	HSTSDSP	CSDSBDS	BHDTPDC	HPBDTDP		
										
https://cdn.discordapp.com/attachments/667012436360167447/667030118518227014/Hunter_1.png	BLANK	3,5	BBDSTHD	CDSCCDT	SCDDPPH	SCTCBDH	DDDHCDS	TSHHBHS		
https://media.discordapp.net/attachments/366707759569436676/667028177889001492/tiger_release_final_20200116_023132.png?width=832&height=468	Blank	1,3	HHHTDSP	TBTBSBS	CCSSHSD	BTSBTHB	BBPTHSH	CBPCPBC		
https://cdn.discordapp.com/attachments/667022041647415303/667032787303268352/Desktop_Screenshot_2020.01.15_-_17.48.35.30_2.png	blank	1,3,4	DPBHBBS	DHTTSPT	HPBBSHS	HCBHCPT	DSHHPHH	PPPBHSB		
https://cdn.discordapp.com/attachments/666873697763590144/667034440752431114/tiger_release_final_20200115_165617.png	Blank	2	BTSHDTS	HBPPCTH	DDSPDDB	CSSBDSB	CDSCCDT	THTPBHP		
https://cdn.discordapp.com/attachments/667022041647415303/667034877056778270/IMG_da219e2f-5f9e-497b-a654-3ec699498e59.png	Blank	3,5,6	HTPCSDD	CPBPPPT	PHPDHPT	PHCTHPC	TCCDDCT	DPBTSBS		
https://i.imgur.com/8vjdWdo.png	Blank	4	HHHBHSP	DSTTSTS	SPHHHCB	CTBHSTP	PPBTCHS	BPSSSBS		
https://cdn.discordapp.com/attachments/666873697763590144/667037122724626443/tiger_release_final_20200115_170657.png	Clover	2,4	CBDPBHD	DDTTPPT	HCHTSPP	PDDSHSD	HHTSSSC	DDBDPPH		
https://i.imgur.com/2LqLp8x.png	Blank	6	DBTDHCH	THBCTHH	HBHPTPB	CDSCDTB	CSTBDBS	DHDDDHB		
https://i.imgur.com/MSNhroi.png	Snake	2	DDTSDBP	TPSTBDD	PTDHPBB	PPCBCSB	BTPDCCP	DHTPDTT		
https://imgur.com/a/bii7N3V	Blank	3	CHDCDSB	DBCCCSP	DCBCPSH	STTTTDB	SHTSDDB	DCTHCDP		
https://cdn.discordapp.com/attachments/260817377854357514/667037398663954453/tiger_release_final_20200115_155350.png	Blank	1,6	THBSPDH	DHPDCPH	SHCBSDD	CPBHPCH	TTCPDTS	CTBPDSP		
https://imgur.com/a/fdSKtpK	Diamond	3,5,6	CBTHSCB	HBCPTPS	BCSBBPP	TTBBPTP	HBBHBBP	BCDPTSD		
https://imgur.com/a/0dcDD3E	D	1,4,6	THTPDPH	CTTPBPH	CSPBHTH	PPCPPTP	HDTDHTP	BDDSTTC		
https://cdn.discordapp.com/attachments/656934403410362389/667024553666674729/unknown.png	Blank	2	CSHPDTD	PSDDPPS	SSBTSBT	TTBDHHD	BDCDBSD	CTTPCTC		
https://cdn.discordapp.com/attachments/666873697763590144/667038984345616395/tiger_release_final_20200115_171405.png	Blank	2,6	SDHPPSS	HDSBSBD	HCPHTSH	BDDCPTD	PHDTBST	PCTDCPS		
https://cdn.discordapp.com/attachments/667012436360167447/667042464775012363/Hunter_2.png	BLANK	2,4,5	TPPDHBH	HPHDTSD	CCBHCHP	STPHCSC	HHBHTDS	THHTPPB		
https://cdn.discordapp.com/attachments/588593615488417795/667048832395378698/unknown.png	Blank	1,3	BHBPHSP	PHDHHSB	PHTSPHC	CDCTSPB	PDCSBTT	DPBTTHH		
https://i.imgur.com/VG325bq.png	Blank	3, 6	HTSTDPP	TBBPTHH	DHTDTCC	DDPPPCB	TTPHHTS	BCBPBHH		
https://i.imgur.com/Rw3cSBe.png	Hex	1, 4	TBCHTSP	CCPHTHC	CSTHTSP	BHBDTHD	TDBTTHT	PPDTPHB		
https://cdn.discordapp.com/attachments/609693179033419787/667051146090774579/unknown.png	Blank	2,3	TTPPTPP	CHTDCSB	CCCHTTC	DSCSDHD	DTHHTBB	PSCSDTS		
https://cdn.discordapp.com/attachments/666873697763590144/667055386943160357/Destiny_2_Screenshot_2020.01.15_-_07.17.01.66.png	Diamond	2,4	PDPCPSS	BPBPTSS	TSDPHSH	BPHBPCP	TSDDSHD	BSHTBSP		
https://cdn.discordapp.com/attachments/666873697763590144/667055966206033921/tiger_release_final_20200115_110956.png	Hex	3,5,6	PCHBDST	TSTCHPS	PHDPSSD	DBDTDBD	PHTCBBB	DSCCTCT		
https://cdn.discordapp.com/attachments/666873697763590144/667055977366814750/Destiny_2_Screenshot_2020.01.15_-_17.58.17.98.png	Blank	3,4,6	CHBHBTD	TBTTHSC	BDSSTTT	HBCCHDT	SHCSDBD	TBDBCDP		
https://cdn.discordapp.com/attachments/666873697763590144/667050435860758545/tiger_release_final_20200115_100608.png	Blank	5,6	DSBTHPP	PPSHPHT	SHSTTDD	BBCDDCD	THTSTSH	TDHPBDB		
https://i.imgur.com/pXlHjq6.jpg	Blank	4	PBTDTTT	HCBHPCP	HBCCSPB	CCSDDCP	TDTSTSD	CCTBSHC		
https://i.imgur.com/Tr47mY4.jpg	Blank	2, 5	PHPPTPB	DPSBBBD	DBBTSSP	SSDBCCD	TSPCSCH	TBSDTSD		
https://gamerdvr.com/gamer/viirus/screenshot/14479922	none	5	TSTCPCP	BCSBTCH	HPPSDDT	TBCHTSH	DCBTHSS	CHTDDTP		
https://cdn.discordapp.com/attachments/380065650720374794/667073642076700702/unknown.png	Blank	1,3,6	SHHCHPS	PSCSSCT	HTCCBPH	SDDCCPH	HTCCTBS	PDHPCSD		
https://imgur.com/n7Z7lyr	Blank	4	PDBSTHD	TBSBPBH	DDHBTHD	BBDSPSD	CDTTHPS	STHCPST		
https://media.discordapp.net/attachments/146155406568325121/667076306403459082/Destiny_2_Screenshot_2020.01.15_-_11.08.44.63.png?width=956&height=538	Hexagon	1,2,3,4,5,6	TCCHBTD	DDHCTCC	BHSCPBB	BDHHDHT	DHBTPCP	TSHTBBH		
https://cdn.discordapp.com/attachments/380065650720374794/667077381176950794/6d16542479.png	Blank	1	DDTBDDS	TDCTTTB	BDTSHDS	HSTBBDD	SHHCCDC	CSTHBDC		
https://cdn.discordapp.com/attachments/666873697763590144/666957325189251132/tiger_release_final_20200115_053428.png	Hex	2,5	SDPTCDC	TTDPHSD	BPHBBDC	DBCSSCP	DDSCHTP	HTCPDCS		
https://cdn.discordapp.com/attachments/666873697763590144/666973149342203905/20200115114802_1.jpg	Snake	6	BHHBSSC	HBHHCCP	SSDHTPH	BHDHHBT	PDPSBCH	BHHCDPP		
https://cdn.discordapp.com/attachments/666873697763590144/666974589087252480/unknown.png	Diamond	3	CBPPCCP	BCHCSSH	PBSSSHP	THTHPSP	CHSDHHB	TPHPSCS		
https://i.imgur.com/3Dj0ooI.png	Snake	1,4	SCDHSHC	TCHDPHH	DBDPSTS	TPDCTCP	PHCTPPD	HCBPTDC		
https://cdn.discordapp.com/attachments/409961893512478723/666978686897225728/aiax9NX.png	Clover	1,6	PCHDHHB	BBBBBBB	BBBBBBB	BBBBBBB	BBBBBBB	DBDCBBD		
https://cdn.discordapp.com/attachments/666873697763590144/666959248353394728/Hunter_Reveal_1_No_HUD.png	Plus	5,6	BSHBCCC	DPSPHCS	PCCCPPH	PSHPSSB	SDCSTTD	CBCSPBP		
https://cdn.discordapp.com/attachments/666873697763590144/666951821868400640/em1.png	Hex	5	PBPTTHB	PCDDPCP	DPPCCBC	HBHTDCH	CDTSPPD	SDHBDTT		
https://cdn.discordapp.com/attachments/666873697763590144/666959380276838400/Hunter_Reveal_2_No_HUD.png	Snake	2,3,6	BPCDHBS	DTHTPHB	DTCHCDT	BTBDBCH	BHCBCTD	DCSDCBP		
https://cdn.discordapp.com/attachments/666873697763590144/666985019306278953/hunter1.jpg	Hex	3	BPCPHTD	SDTCTCT	PPPHBCS	DTCSBTP	CHTPSBH	BSPDCTB		
https://cdn.discordapp.com/attachments/666873697763590144/666986034927632385/hunter2.jpg	Plus	4	SBPDCHD	TCTSCCS	HHDSPSC	SPBPCSC	TCDHCCC	BBCSSSB		
https://i.imgur.com/UJLmblT.jpg	Clover	3,4,6	DHPTHHP	DBHCSPH	CCTTTHH	DHHPDBC	CHSHSCT	TCDSPPB		
https://cdn.discordapp.com/attachments/666873697763590144/666988788819689497/unknown.png	Hex	2,3,6	HPDPHDS	THCBHHC	SPSHBCP	PTDTDBT	THTDPCS	CBTHTSS		
https://cdn.discordapp.com/attachments/649875030892740640/666958232987762708/unknown.png	Plus	3	STPHBST	PHCBPCP	BPTDTTB	STPPSTC	SBHCCDH	TCHDPDD		
https://i.imgur.com/MSNhroi.png	Snake	2	PBHSTHH	BDPTDTS	TPPHBDB	PPCBCSB	PBCDTPC	TTTPDDH		
https://cdn.discordapp.com/attachments/649875030892740640/666961855599869975/unknown.png	Diamond	2,5	DSCHDBC	SCBBDSD	BTPCSSC	PSTCBCH	DTTBTCP	CBSSHTT		
https://cdn.discordapp.com/attachments/666872924967403550/666989664460079104/PS_Communities_20200115_135730.jpg	Plus	2,4	SDTPDDH	TBBDBBD	BDDCCDD	PPSTDCP	BTHPBHT	DBPDPPH		
https://cdn.discordapp.com/attachments/666873697763590144/667001300663402496/tiger_release_final_20200116_003620.png	Diamond	3,6	SDSCPPP	DBBDCHH	DPSTCDT	PCCPPBT	HDBCHHC	PPSSCDT		
https://cdn.discordapp.com/attachments/666872924967403550/667001352437891083/20200115144036_1.jpg	Diamond	2,5,6	DPHDDCC	SPBDDDC	CBBBHSH	BDPSDCH	BPPDPTH	DTHDHBH		
https://cdn.discordapp.com/attachments/666873697763590144/667002066446712902/unknown.png	Clover	2	DTCTTTD	CHSTBPC	BBBBBBB	BBBBBBB	BBBBBBB	TTDBSHB		
https://cdn.discordapp.com/attachments/666873697763590144/667003871155191821/corridors_4.jpg	Plus	1,4	DCBTBHD	HBHSBCT	DPBHDHT	SBBSPBH	SSSBBCD	HTSSPHS		
https://cdn.discordapp.com/attachments/666873697763590144/667006389444673538/20200115_090414.jpg	Clover	1,2,5,6	PBHTHBC	CDTCBBH	SDCSPDT	BDTDDTB	HPSBTDS	CTCSSST		
https://i.imgur.com/5wQKa4u.jpg	Plus	2,3,5	BPHCTTC	DTBSTCC	PHSHSPB	HCSCSST	DSTSHTH	TSSBSHD		
https://cdn.discordapp.com/attachments/666873697763590144/667009922872901642/er2WhMJ.jpg	Snake	2,6	SPTBCSP	DHSPPPD	BSSBTCD	BSPHTBS	BBTSTBB	SCCTDBS		
https://cdn.discordapp.com/attachments/666873697763590144/666975010488975372/FreezingDartEmblem.png	Blank	2,4,6	PBBHTTS	PCHPCDB	CSBCTDH	PSHDCBT	CPPDDBC	CSHHCSB		
https://imgur.com/NyAnNJa	Blank	2,6	TPHCHPP	TCHTSPT	CCPHCBP	SBSSCHH	HSBHHHP	CSHHHBP		
https://imgur.com/Tg1o7dn	Blank	1,2	BHTPBBD	SSBTHHH	CPDSHSS	DTCCTCS	DSPPCCP	BTBSHCD		
https://cdn.discordapp.com/attachments/666873697763590144/666976285989535760/aprilemblemcode.jpg	Blank	4	SBSTSPH	THBPSPD	CHHSP?C	CPPSDSH	CBCHBDC	DTCDCHS		
https://cdn.discordapp.com/attachments/666873697763590144/666976555892736020/unknown.png	Blank	3,6	BCCCPTD	BPSCBSS	TBBSCDD	TDTBCTC	CCPHBDB	BDTHDDS		
https://cdn.discordapp.com/attachments/666873697763590144/666959515878424576/Titan_Reveal_1_No_HUD.png	Blank	1,5	TBBSTHB	BDDPSBP	SPTSHBS	SCHCSTH	TTTHBSP	BBHDDPH		
https://cdn.discordapp.com/attachments/666873697763590144/666976957602332693/tiger_release_final_20200114_214559.png	Blank	3,6	SDCDTDT	TBBTDHH	SCDCCHB	SSBPPHD	HSDPPTB	DHSPTTH		
https://cdn.discordapp.com/attachments/666873697763590144/666959779415195649/Warlock_Reveal_1_No_HUD.png	Blank	2,4	SSCTHPT	PPDCSHC	SDTCDHC	PTBDBTB	BBBBBBB	BBBBBBB		
https://cdn.discordapp.com/attachments/666873697763590144/666959914832363520/Warlock_Reveal_2_No_HUD.png	Blank	3,5,6	CDTHPPH	SHHTDBS	DDBCCPS	BSTBSPC	SBHBDBC	DHTSDTS		
https://drive.google.com/open?id=10WTrIFTtzFec72kFF_1b_7EsFGuHscA9	Blank	2,3,6	SPCCSDP	CTDSCPH	BBSTHDS	HTCSCHC	BPSTSTS	SDTBCTT		
https://cdn.discordapp.com/attachments/597810935087759371/666992784892362797/unknown.png	Blank	2,3	BSCBBPP	CBHSDHD	TDBPSHP	DHBCHTH	BBBBBBB	BBBBBBB		
https://drive.google.com/open?id=1QH20wv7QrfCE6pfe3eaCEUB6fgU_Kkgx	Blank	3	THHHDPS	PCHTDBC	STTBCHP	PBDPDPS	BPHHBBT	TBPHCDD		
https://drive.google.com/file/d/1MqeI62ZNTjY5hlUCRZJiR5jTWcHqDN4X/view?usp=sharing	Clover	1	PHTPSSS	THHPSCB	THDBCPT	HTHBBTS	HSDDTPP	TSDPCPB		
https://drive.google.com/file/d/1hZX9FyUrFQAbtiWw8TK23pvQAeykEPfi	Blank	2,5	DDCSPPP	PPTDHDB	PSDSPCB	BPTCTBP	BSBTSHH	BPTPCTB		
https://cdn.discordapp.com/attachments/563715872083148810/667012149356527626/tiger_release_final_20200116_002404.png	Blank	1,2	ttsscbc	cphpppp	ttpbdbb	dcdsptd	dbcccsp	btbtdph		
https://cdn.discordapp.com/attachments/562109022795464744/666934837201862657/tiger_release_final_20200115_061800.png	Blank	1,2,3,4,5,6	DDTPPSC	CTTTDPS	SBDPTPC	HBSBCSC	BSCDDPC	THTCTCP		
https://drive.google.com/open?id=1Hi0bMygPxhnD-1EQblJy30a2HpJBD4-a	Diamond	2,5	HDCHPDH	CBCDHBB	DSPSHCH	DSCHSBT	DPSBTST	HBPDBTC		
https://drive.google.com/file/d/1pU9bIarpgHb030QCHwhEUbn4as8o-9PV	Blank	6	DSSBPHS	THPDSCT	HSBCSCD	BHTSTTS	BDHSBSC	DCTBSDC		
https://drive.google.com/open?id=1rBtSeI1GzI2-NSwlpiQDwb_BP5SdDzmK	Diamond	3,5	HDPPHPD	BTDTSSH	PTHPCDC	SBBPDPB	SHPCCSP	CCBCHCD		
https://drive.google.com/file/d/1N6ByMbc2qufsMjrqAvY5xOG2Y3KZtwXG/view?usp=sharing	Blank	2	SPHPSDS	PHSSCSB	HDDBCCS	TCHCTBT	SHHBSPT	BBCSPTP		
https://drive.google.com/open?id=1i6iZ_BHJTw2m5C2VmYRY4j2OBEsXzpfW	Blank	2,3	TDBPBCC	CTPPSDS	HTSDPTD	CTSSDPD	TDDCHTP	CCTSPDT		
https://media.discordapp.net/attachments/666873697763590144/666874700823003138/tiger_release_final_20200115_045656.png?width=1128&height=635	Blank	1,2,5,6	TTTTHHC	TTDTCHP	DCHDDBT	CCPDDSB	PPSBDPT	BSHDHDD		
https://drive.google.com/open?id=1rhhC6bqO3DrKOXuc_G4w_cY9YbPpOX8Y	Plus	2	BBBBBBB	BBBBBBB	BBBBBBB	BPTDSBB	SSTCTDS	BPDBCCS		
https://drive.google.com/file/d/1v8gRXTrGodt5GU4o5F7aN8AktB0UePPF	Blank	2	TTSTHDT	BCCBPTD	PCPSSTT	DPSPHSB	SDPDBTS	DBBHSST		
https://drive.google.com/open?id=16tY0tEoNrj8Sl5H_8-3uQ3YCzmiP_asw	Blank	3	PPCCSHT	SPBDCSH	BDSDPDD	TBCHHCH	HCHSBBH	STBHDST		
https://cdn.discordapp.com/attachments/654005114994032655/667013513142730763/unknown.png	Blank	2,6	PHPCDHP	PSTTDSH	PCTCTDD	BBSDDCP	CDDPBDT	DPSDBTD		
https://i.ibb.co/F6Syc8w/finalpart1send.png	Blank	4,6	TPHBHPP	CSHPPBP	PBSHBBP	PSTBPDH	DCBHSDT	TPBPPTD		
https://drive.google.com/open?id=140ymImx4uFtBpBD1IiSj32GrK6aCbkEd	Blank	2,3,6	HDCTSDH	TBTHSDT	TPDTPTS	CBCPTCH	HDTBPPT	SHPDDHH		
https://drive.google.com/open?id=1uyGuNNsbd0ky0HdM8isNTq2tm5UbRx9I	Blank	2,6	PPSSSSB	CPSTCDS	PDDSHHS	BSTCCBB	TSTCSPB	BHSCDHD		
https://cdn.discordapp.com/attachments/666872924967403550/667013975803953192/unknown.png	Blank	3,4,6	SHCCPCS	PPDTBBS	DSDCSDT	CDHDSSH	HPPPHSC	CSSHDSP		
https://reho.st/self/3cedfbdc69b9940d44a764a306198414570351a9.png	Blank	2,3	CCDSDDS	TTDDCST	BHTHSPB	STPCTSP	DSCTCHS	TTSBCHB		
https://cdn.discordapp.com/attachments/666873697763590144/666962013636919298/tiger_release_final_20200115_120701.png	Hex	3,4,5,6	HPCSDSC	DDPPTDC	HBCBDSP	CTDPTCH	HHCPCPS	CHBBTCB		
https://cdn.discordapp.com/attachments/639251240202797079/667016382310776852/unknown.png	Blank	5	TTDSTPS	TBHSDHS	HTDHBSB	CCCTBTS	TCTTCTT	CDBSBPP		
https://cdn.discordapp.com/attachments/638686462094737408/667004533586788353/20200115163213_1.jpg	Blank	1,2,5,6	CSHTDDP	PSSSSPT	DTHCPPT	CSDHDSB	DCTSSPB	CSSSDPP		
https://cdn.discordapp.com/attachments/660551471624093716/667017012228128809/unknown.png	Blank	2,6	DHPTHSP	PBHBSSP	CBTHBHT	BCSBPPB	PCSTCDB	DCCSTDD		
https://imgur.com/a/WYjrtKK	Blank	2,5,6	CTHBPBC	THCBTCH	PSSSHHP	DTHDHDD	TSDCBPT	CSSPBBC		
https://cdn.discordapp.com/attachments/667018881667170334/667018962923421697/CorridorTimePiece.JPG	Blank	1,2	PCHTCTB	PSHBBTB	BCDHTHS	DHPBCTC	PPDCPDB	CSSBPTB		
https://cdn.discordapp.com/attachments/507380566769926144/667017949856661515/1085660_screenshots_20200115105504_1.jpg	Blank	2,6	HBTDTPC	SDSPBHD	PSPDTTD	CDBHHPS	HSDSCTT	SDSCBDT		
https://steamuserimages-a.akamaihd.net/ugc/785249777757423718/A8C7B138467D9345607C940AF5F218740F3B24B0/	Blank	1,2,3	TTSDDSH	PCSBHTP	BPCHPCH	HPSDTSP	CDCPTBS	CPSSHHT		
https://cdn.discordapp.com/attachments/666873697763590144/667057378281390110/tiger_release_final_20200115_120237.png	Clover	1,3	SPPSHBP	HPTPTDD	CDHSSHB	TSTHSDH	SPBBHTB	PTSPSBP		
https://cdn.discordapp.com/attachments/653336097212071959/667056707746267137/unknown.png	Blank	1	BBBCPDT	TDSSHTP	DHSSSHP	TTCCPBC	DPDPBCT	BBTDBSB		
https://cdn.discordapp.com/attachments/652250171119239223/667057457603936284/finishedroom2.jpg	Blank	1	SBDSPHT	TTDCDBH	CTSHDCD	CSTTTDD	PSDDDDD	PBTTCCS		
https://i.imgur.com/2DtcHjq.png	Blank	2	CTPHHCB	THDBHPT	TBHBDCT	PTTTSPH	BHTCPDC	DDHTSTP		
https://imgur.com/a/Gu2GDI0	Plus	4, 6	TTDTHSS	DSCSBPT	CPTBBPT	SBPDSTD	PSDHHSB	SBTPHCT		
https://drive.google.com/file/d/1Oj0buQsNPn7y17V-8WslgVIRLA0vMZB5/view?usp=sharing	Blank	1	PPBDTBT	CTDHPHT	BTCSTBC	THSBCCH	HHBCCCT	BSDCCSP		
https://cdn.discordapp.com/attachments/666873697763590144/667058754050719754/image0.jpg	Plus	1,4	TPBSPSD	BBBBBBB	BBBBBBB	BDBCBBD	DCSTSHP	CDTBDDC		
https://imgur.com/Dak4cL7	Blank	4,5	SHDDBST	SPBCCDP	CSSSBCB	CCTPPTC	SDBTTPT	PPPDDDC		
https://cdn.discordapp.com/attachments/666873697763590144/667060640275234830/20200115123732_1.jpg	Blank	1,6	DDPPDTB	CDCCHPD	TTHDDHD	SDCSDCS	BHTSCSP	PBCCBHH		
https://imgur.com/undefined	Blank	2,4	TBDTCCH	HPCBBDC	TDCHTBS	BPTCSBP	HHHTSBP	CBHHBBD		
https://gamerdvr.com/gamer/viirus/screenshot/14479571	None	2,6	TPSCDTP	PCPSTDC	HBCPPDD	STTCPBS	DDBDHHS	STPTHBH		
https://cdn.discordapp.com/attachments/150793788472688640/667060419612901376/Destiny_2_Screenshot_2020.01.15_-_17.35.07.53.png	Diamond	2	DHPTPPP	CSTBSDB	BCDHDPH	HDBHCTH	SHPBDCH	CDSCCPH		
https://cdn.discordapp.com/attachments/489660493712326668/667062210572451860/unknown.png	Blank	2,3,4	HDTHBBS	PPHCBTS	HSDBCSC	HDCBCBT	SDDSSPH	DCPBPCT		
https://cdn.discordapp.com/attachments/666873697763590144/667065246313218108/unknown.png	Blank	1,3,4	CHTCCPC	DCHTPHB	CSBDSDS	TSTSSSC	BBBBBBB	BBBBBBBB		
https://i.imgur.com/pN3z8Kh.png	Blank	5	HDDCBCP	PHTSCPT	HTCCTDP	SPBPHTH	HSHSSSB	DHBBDSH		
https://gamerdvr.com/gamer/viirus/screenshot/14479666	none	4,6	CSSHHDD	PTHHCDC	DPSSPDD	PSBBDCC	BBDDCCC	PTDDDTT		
https://cdn.discordapp.com/attachments/666873697763590144/667066046360059915/20200115130022_1.jpg	Blank	2,3,6	CDCDPBB	CCDBBHB	CCSDTDD	HBSPSPP	TSPDCSS	SHCSDPT		
https://imgur.com/OlCi6WI	Blank	1,4,6	PCBTDPP	HCDPTBT	CCHCSBT	CSTDSTD	PTTHCTC	TCDBDHP		
https://imgur.com/undefined	Diamond	1,2	DHSSTHS	HBDHBDH	HDHHPBB	HBHPPPC	PSCBBPP	PBTTDPD		
https://i.imgur.com/h43EqKz.jpg	Blank	1, 6	TTDBDBS	HHSBBHT	CCSHSBD	PDTHDSH	TBPHHBS	PTTTBCP		
										
https://m.imgur.com/gallery/h5fkuah	Plus	2, 4	HDDPTDS	BTBDBDB	DBDCDDC	PPSTDCP	TBBPTHH	PHBDPDP		
https://cdn.discordapp.com/attachments/360746184492580876/667070059880906772/Destiny_2_Screenshot_2020.01.15_-_21.15.51.42.png	Blank	6	SDDHPDH	PBTCSCD	TPCSCTS	PTHHPCH	HDSTPBC	HHBHDDS		
https://i.imgur.com/w4L2ywQ.jpg	Blank	1,2,5	PHCSCDB	CBHBBDH	TTTBBPD	SSCPBBP	PPBTHHC	CCTCBBT		
https://cdn.discordapp.com/attachments/492261508730978315/667081032268251136/tiger_release_final_20200115_000146.png	Blank	2,4	DPCSCTS	PSBHBDP	HHSBBTB	TTCHDHP	CCPTDBC	SPBSBDD		
https://i.imgur.com/jhBiamc.png	Snake	4	SDCPHDT	CCPSPSP	BTDHSSH	BBBBBBB	HSDPSTC	DDSPBHH		
https://cdn.discordapp.com/attachments/666873697763590144/667080595054002206/IMG_20200115_135943.jpg	Plus	3,6	SBPDPSC	BCSBTDC	HHBDCCC	CCDBCBT	SDHDSBD	THCBDCC		
https://i.imgur.com/z7oCHdS.png	Blank	None	DTCHSPC	CDBPCBS	PSTCDPT	HHHPCBH	CSPSCBD	HCTBCTH		
https://i.imgur.com/o7XVrwl.png	Hex	None	TCSCHCP	HTDTHHD	TDBCTSB	DDBBDHP	TBSSBCP	CTDPHTD		
https://i.imgur.com/oANoqXt.png	Blank	6	CCCPHTC	SBHHHCD	TDTHPTP	PBSHCDS	HHTPPHP	PBTCDDC		
https://i.imgur.com/ufdIpnZ.png	Blank	2	CSPDTPS	BPSDDBS	HTPTSPC	TPPPBHD	DPTDCBP	PTHSTPS		
https://gamerdvr.com/gamer/fallenlove480/screenshot/14480307	Blank	0	DDSCSDB	SPSSHCT	BHPCBPD	SSCBBCD	BDSTBDP	SCTCDBC		
https://i.imgur.com/dL4hxHt.png	Blank	2, 5	THCCBSD	TTCSPSD	BCDBBST	DCTBTHH	CHHBDHH	HDDCPBT		
https://i.imgur.com/5KxENx9.png	Blank	4, 5, 6	BPPCSHC	BSDBDTS	CPPCTSS	DHCHSDD	BBSCTPH	CDTTBSP		
https://i.imgur.com/V9pdbsV.png	Blank	3, 6	THTPHTS	TSCBSCD	DHTHHTS	CSDTDTC	HDPPPBT	BTPPHBB		
https://cdn.discordapp.com/attachments/433747236187275275/667093846173286430/tiger_release_final_20200115_124507.png	Diamond	1	BBBBBBB	HTHDTTS	BHDSPTD	BPHHTCC	DPTHBPT	DPCDDDP		
https://i.imgur.com/wXw9ATu.png	Plus	1, 2, 6	DDHHSPB	DSSSDDC	BHPCBCB	CHDHSBS	SCTTHPB	TPPHPPD		
https://i.imgur.com/7eqewaD.png	Clover	2, 4	TCHPBSH	CDTPDTS	CDTTBST	DPPBTSD	PTCHTTP	PPSCPDP		
https://my.playstation.com/whatsnew/gallery/c52ff080-37d0-11ea-a866-02044f6d437a	Blank	1,5	PSTSCBB	DBCBTCD	SPTDHSH	CSTHPCD	BBBSCBC	DDSHTBH		
https://cdn.discordapp.com/attachments/433747236187275275/667096461787267197/tiger_release_final_20200115_130232.png	Blank	None	SPBDSBB	HHTHHCH	TCBPTSB	STDBCDS	CSPBSDT	THDCBPC		
https://media.discordapp.net/attachments/667096746232381453/667096916701741066/Destiny_2_1_15_2020_1_13_03_PM.png?width=1442&height=609	Blank	6,3	SSCTSPH	DSHSSPS	TDSHSDH	PBDTPDT	TTDHDPC	CTPHDDS		
https://i.imgur.com/xMIdKiC.png	Blank	2, 4	CBHSHDS	STHSSHC	HPTTSDH	DDDCTCP	TSBHHST	DCHSHTC		